Ticker,Name,Type,Sector,Asset Class,Market Value,Weight (%),Notional Value,Shares,Price,Location,Exchange,Currency,FX Rate,Market Currency,Accrual Date
"BLDR","BUILDERS FIRSTSOURCE INC","EQUITY","Industrials","Equity","564,211,229.76","0.84","564,211,229.76","4,553,028.00","123.92","United States","New York Stock Exchange Inc.","USD","1.00","USD","-"
"HUBB","HUBBELL INC","EQUITY","Industrials","Equity","491,105,836.13","0.74","491,105,836.13","1,658,189.00","296.17","United States","New York Stock Exchange Inc.","USD","1.00","USD","-"
"RS","RELIANCE STEEL & ALUMINUM","EQUITY","Materials","Equity","445,013,854.20","0.67","445,013,854.20","1,815,642.00","245.10","United States","New York Stock Exchange Inc.","USD","1.00","USD","-"
"GGG","GRACO INC","EQUITY","Industrials","Equity","417,924,660.96","0.63","417,924,660.96","5,213,631.00","80.16","United States","New York Stock Exchange Inc.","USD","1.00","USD","-"
"DECK","DECKERS OUTDOOR CORP","EQUITY","Consumer Discretionary","Equity","400,828,259.16","0.60","400,828,259.16","815,454.00","491.54","United States","New York Stock Exchange Inc.","USD","1.00","USD","-"
"JBL","JABIL INC","EQUITY","Information Technology","Equity","382,737,811.51","0.57","382,737,811.51","4,122,997.00","92.83","United States","New York Stock Exchange Inc.","USD","1.00","USD","-"
"PEN","PENUMBRA INC","EQUITY","Health Care","Equity","378,763,151.21","0.57","378,763,151.21","1,174,933.00","322.37","United States","New York Stock Exchange Inc.","USD","1.00","USD","-"
"CSL","CARLISLE COMPANIES INC","EQUITY","Industrials","Equity","362,291,240.85","0.54","362,291,240.85","1,599,873.00","226.45","United States","New York Stock Exchange Inc.","USD","1.00","USD","-"
"MANH","MANHATTAN ASSOCIATES INC","EQUITY","Information Technology","Equity","357,092,884.90","0.53","357,092,884.90","1,933,367.00","184.70","United States","NASDAQ","USD","1.00","USD","-"
"ACM","AECOM","EQUITY","Industrials","Equity","357,039,141.14","0.53","357,039,141.14","4,298,569.00","83.06","United States","New York Stock Exchange Inc.","USD","1.00","USD","-"
"WSO","WATSCO INC","EQUITY","Industrials","Equity","355,028,685.18","0.53","355,028,685.18","1,029,009.00","345.02","United States","New York Stock Exchange Inc.","USD","1.00","USD","-"
"DT","DYNATRACE INC","EQUITY","Information Technology","Equity","353,168,292.16","0.53","353,168,292.16","6,706,576.00","52.66","United States","New York Stock Exchange Inc.","USD","1.00","USD","-"
"LSCC","LATTICE SEMICONDUCTOR CORP","EQUITY","Information Technology","Equity","343,233,261.75","0.51","343,233,261.75","4,240,065.00","80.95","United States","NASDAQ","USD","1.00","USD","-"
"TTC","TORO","EQUITY","Industrials","Equity","336,977,914.24","0.50","336,977,914.24","3,238,304.00","104.06","United States","New York Stock Exchange Inc.","USD","1.00","USD","-"
"SMCI","SUPER MICRO COMPUTER INC","EQUITY","Information Technology","Equity","336,577,438.35","0.50","336,577,438.35","1,443,609.00","233.15","United States","NASDAQ","USD","1.00","USD","-"
"OC","OWENS CORNING","EQUITY","Industrials","Equity","335,200,278.82","0.50","335,200,278.82","2,891,153.00","115.94","United States","New York Stock Exchange Inc.","USD","1.00","USD","-"
"LSI","LIFE STORAGE INC","EQUITY","Real Estate","Equity","332,865,240.25","0.50","332,865,240.25","2,629,475.00","126.59","United States","New York Stock Exchange Inc.","USD","1.00","USD","-"
"ARMK","ARAMARK","EQUITY","Consumer Discretionary","Equity","330,589,081.34","0.50","330,589,081.34","8,059,217.00","41.02","United States","New York Stock Exchange Inc.","USD","1.00","USD","-"
"RPM","RPM INTERNATIONAL INC","EQUITY","Materials","Equity","330,302,881.26","0.49","330,302,881.26","3,993,506.00","82.71","United States","New York Stock Exchange Inc.","USD","1.00","USD","-"
"FIVE","FIVE BELOW INC","EQUITY","Consumer Discretionary","Equity","329,925,103.36","0.49","329,925,103.36","1,717,376.00","192.11","United States","NASDAQ","USD","1.00","USD","-"
"LECO","LINCOLN ELECTRIC HOLDINGS INC","EQUITY","Industrials","Equity","328,049,451.48","0.49","328,049,451.48","1,786,178.00","183.66","United States","NASDAQ","USD","1.00","USD","-"
"SWAV","SHOCKWAVE MEDICAL INC","EQUITY","Health Care","Equity","324,898,798.94","0.49","324,898,798.94","1,118,066.00","290.59","United States","NASDAQ","USD","1.00","USD","-"
"DAR","DARLING INGREDIENTS INC","EQUITY","Consumer Staples","Equity","318,759,206.34","0.48","318,759,206.34","4,958,146.00","64.29","United States","New York Stock Exchange Inc.","USD","1.00","USD","-"
"UTHR","UNITED THERAPEUTICS CORP","EQUITY","Health Care","Equity","310,543,249.50","0.47","310,543,249.50","1,409,958.00","220.25","United States","NASDAQ","USD","1.00","USD","-"
"REXR","REXFORD INDUSTRIAL REALTY REIT INC","EQUITY","Real Estate","Equity","309,955,516.50","0.46","309,955,516.50","5,850,425.00","52.98","United States","New York Stock Exchange Inc.","USD","1.00","USD","-"
"SCI","SERVICE","EQUITY","Consumer Discretionary","Equity","307,995,049.50","0.46","307,995,049.50","4,758,150.00","64.73","United States","New York Stock Exchange Inc.","USD","1.00","USD","-"
"CUBE","CUBESMART REIT","EQUITY","Real Estate","Equity","305,756,174.25","0.46","305,756,174.25","6,947,425.00","44.01","United States","New York Stock Exchange Inc.","USD","1.00","USD","-"
"WTRG","ESSENTIAL UTILITIES INC","EQUITY","Utilities","Equity","302,299,035.82","0.45","302,299,035.82","7,383,953.00","40.94","United States","New York Stock Exchange Inc.","USD","1.00","USD","-"
"RNR","RENAISSANCERE HOLDING LTD","EQUITY","Financials","Equity","300,005,601.90","0.45","300,005,601.90","1,553,226.00","193.15","United States","New York Stock Exchange Inc.","USD","1.00","USD","-"
"LII","LENNOX INTERNATIONAL INC","EQUITY","Industrials","Equity","299,302,079.86","0.45","299,302,079.86","998,539.00","299.74","United States","New York Stock Exchange Inc.","USD","1.00","USD","-"
"CGNX","COGNEX CORP","EQUITY","Information Technology","Equity","296,484,142.56","0.44","296,484,142.56","5,349,768.00","55.42","United States","NASDAQ","USD","1.00","USD","-"
"RRX","REGAL REXNORD CORP","EQUITY","Industrials","Equity","294,771,234.16","0.44","294,771,234.16","2,046,454.00","144.04","United States","New York Stock Exchange Inc.","USD","1.00","USD","-"
"RGA","REINSURANCE GROUP OF AMERICA INC","EQUITY","Financials","Equity","294,347,147.30","0.44","294,347,147.30","2,062,699.00","142.70","United States","New York Stock Exchange Inc.","USD","1.00","USD","-"
"NLY","ANNALY CAPITAL MANAGEMENT REIT INC","EQUITY","Financials","Equity","288,448,812.85","0.43","288,448,812.85","14,487,635.00","19.91","United States","New York Stock Exchange Inc.","USD","1.00","USD","-"
"NBIX","NEUROCRINE BIOSCIENCES INC","EQUITY","Health Care","Equity","285,090,900.01","0.43","285,090,900.01","2,988,061.00","95.41","United States","NASDAQ","USD","1.00","USD","-"
"USFD","US FOODS HOLDING CORP","EQUITY","Consumer Staples","Equity","284,121,156.60","0.43","284,121,156.60","6,789,036.00","41.85","United States","New York Stock Exchange Inc.","USD","1.00","USD","-"
"CHDN","CHURCHILL DOWNS INC","EQUITY","Consumer Discretionary","Equity","282,803,616.81","0.42","282,803,616.81","2,036,463.00","138.87","United States","NASDAQ","USD","1.00","USD","-"
"KNX","KNIGHT-SWIFT TRANSPORTATION HOLDIN","EQUITY","Industrials","Equity","281,324,112.71","0.42","281,324,112.71","4,971,269.00","56.59","United States","New York Stock Exchange Inc.","USD","1.00","USD","-"
"PFGC","PERFORMANCE FOOD GROUP","EQUITY","Consumer Staples","Equity","274,121,851.75","0.41","274,121,851.75","4,830,341.00","56.75","United States","New York Stock Exchange Inc.","USD","1.00","USD","-"
"RGEN","REPLIGEN CORP","EQUITY","Health Care","Equity","269,523,788.64","0.40","269,523,788.64","1,597,462.00","168.72","United States","NASDAQ","USD","1.00","USD","-"
"KBR","KBR INC","EQUITY","Industrials","Equity","262,891,570.36","0.39","262,891,570.36","4,244,294.00","61.94","United States","New York Stock Exchange Inc.","USD","1.00","USD","-"
"BJ","BJS WHOLESALE CLUB HOLDINGS INC","EQUITY","Consumer Staples","Equity","262,048,571.41","0.39","262,048,571.41","4,158,841.00","63.01","United States","New York Stock Exchange Inc.","USD","1.00","USD","-"
"UNM","UNUM","EQUITY","Financials","Equity","260,794,562.00","0.39","260,794,562.00","5,785,150.00","45.08","United States","New York Stock Exchange Inc.","USD","1.00","USD","-"
"FBIN","FORTUNE BRANDS INNOVATIONS INC","EQUITY","Industrials","Equity","258,906,324.30","0.39","258,906,324.30","3,967,305.00","65.26","United States","New York Stock Exchange Inc.","USD","1.00","USD","-"
"CASY","CASEYS GENERAL STORES INC","EQUITY","Consumer Staples","Equity","258,492,840.48","0.39","258,492,840.48","1,152,648.00","224.26","United States","NASDAQ","USD","1.00","USD","-"
"IBKR","INTERACTIVE BROKERS GROUP INC CLAS","EQUITY","Financials","Equity","258,351,372.18","0.39","258,351,372.18","3,182,451.00","81.18","United States","NASDAQ","USD","1.00","USD","-"
"EME","EMCOR GROUP INC","EQUITY","Industrials","Equity","257,477,937.15","0.39","257,477,937.15","1,474,251.00","174.65","United States","New York Stock Exchange Inc.","USD","1.00","USD","-"
"TTEK","TETRA TECH INC","EQUITY","Industrials","Equity","256,503,920.84","0.38","256,503,920.84","1,646,578.00","155.78","United States","NASDAQ","USD","1.00","USD","-"
"WSM","WILLIAMS SONOMA INC","EQUITY","Consumer Discretionary","Equity","255,105,960.12","0.38","255,105,960.12","2,059,299.00","123.88","United States","New York Stock Exchange Inc.","USD","1.00","USD","-"
"AFG","AMERICAN FINANCIAL GROUP INC","EQUITY","Financials","Equity","252,146,240.82","0.38","252,146,240.82","2,161,377.00","116.66","United States","New York Stock Exchange Inc.","USD","1.00","USD","-"
"JAZZ","JAZZ PHARMACEUTICALS PLC","EQUITY","Health Care","Equity","251,103,144.45","0.38","251,103,144.45","1,947,895.00","128.91","United States","NASDAQ","USD","1.00","USD","-"
"THC","TENET HEALTHCARE CORP","EQUITY","Health Care","Equity","251,033,694.30","0.38","251,033,694.30","3,344,886.00","75.05","United States","New York Stock Exchange Inc.","USD","1.00","USD","-"
"CLF","CLEVELAND CLIFFS INC","EQUITY","Materials","Equity","250,917,321.20","0.38","250,917,321.20","15,941,380.00","15.74","United States","New York Stock Exchange Inc.","USD","1.00","USD","-"
"CHE","CHEMED CORP","EQUITY","Health Care","Equity","249,445,302.75","0.37","249,445,302.75","460,019.00","542.25","United States","New York Stock Exchange Inc.","USD","1.00","USD","-"
"DKS","DICKS SPORTING INC","EQUITY","Consumer Discretionary","Equity","248,937,856.44","0.37","248,937,856.44","1,851,252.00","134.47","United States","New York Stock Exchange Inc.","USD","1.00","USD","-"
"RGLD","ROYAL GOLD INC","EQUITY","Materials","Equity","248,931,909.18","0.37","248,931,909.18","2,030,771.00","122.58","United States","NASDAQ","USD","1.00","USD","-"
"LAMR","LAMAR ADVERTISING COMPANY CLAS","EQUITY","Real Estate","Equity","248,710,002.15","0.37","248,710,002.15","2,699,555.00","92.13","United States","NASDAQ","USD","1.00","USD","-"
"MASI","MASIMO CORP","EQUITY","Health Care","Equity","248,615,250.80","0.37","248,615,250.80","1,496,060.00","166.18","United States","NASDAQ","USD","1.00","USD","-"
"IRDM","IRIDIUM COMMUNICATIONS INC","EQUITY","Communication","Equity","248,179,203.50","0.37","248,179,203.50","3,886,910.00","63.85","United States","NASDAQ","USD","1.00","USD","-"
"SAIA","SAIA INC","EQUITY","Industrials","Equity","247,068,909.44","0.37","247,068,909.44","818,624.00","301.81","United States","NASDAQ","USD","1.00","USD","-"
"PCTY","PAYLOCITY HOLDING CORP","EQUITY","Industrials","Equity","245,203,002.00","0.37","245,203,002.00","1,276,700.00","192.06","United States","NASDAQ","USD","1.00","USD","-"
"WEX","WEX INC","EQUITY","Financials","Equity","243,408,633.51","0.36","243,408,633.51","1,348,599.00","180.49","United States","New York Stock Exchange Inc.","USD","1.00","USD","-"
"LEA","LEAR CORP","EQUITY","Consumer Discretionary","Equity","243,308,276.48","0.36","243,308,276.48","1,829,248.00","133.01","United States","New York Stock Exchange Inc.","USD","1.00","USD","-"
"NYCB","NEW YORK COMMUNITY BANCORP INC","EQUITY","Financials","Equity","242,214,894.73","0.36","242,214,894.73","22,282,879.00","10.87","United States","New York Stock Exchange Inc.","USD","1.00","USD","-"
"NNN","NNN REIT INC","EQUITY","Real Estate","Equity","241,725,017.74","0.36","241,725,017.74","5,613,679.00","43.06","United States","New York Stock Exchange Inc.","USD","1.00","USD","-"
"CLH","CLEAN HARBORS INC","EQUITY","Industrials","Equity","238,465,513.28","0.36","238,465,513.28","1,555,751.00","153.28","United States","New York Stock Exchange Inc.","USD","1.00","USD","-"
"KNSL","KINSALE CAPITAL GROUP INC","EQUITY","Financials","Equity","237,678,953.19","0.36","237,678,953.19","671,163.00","354.13","United States","New York Stock Exchange Inc.","USD","1.00","USD","-"
"NVT","NVENT ELECTRIC PLC","EQUITY","Industrials","Equity","237,268,797.44","0.36","237,268,797.44","5,153,536.00","46.04","United States","New York Stock Exchange Inc.","USD","1.00","USD","-"
"ARW","ARROW ELECTRONICS INC","EQUITY","Information Technology","Equity","235,734,548.46","0.35","235,734,548.46","1,803,079.00","130.74","United States","New York Stock Exchange Inc.","USD","1.00","USD","-"
"TOL","TOLL BROTHERS INC","EQUITY","Consumer Discretionary","Equity","235,566,008.75","0.35","235,566,008.75","3,181,175.00","74.05","United States","New York Stock Exchange Inc.","USD","1.00","USD","-"
"MIDD","MIDDLEBY CORP","EQUITY","Industrials","Equity","234,976,514.08","0.35","234,976,514.08","1,666,973.00","140.96","United States","NASDAQ","USD","1.00","USD","-"
"EWBC","EAST WEST BANCORP INC","EQUITY","Financials","Equity","234,891,084.84","0.35","234,891,084.84","4,360,332.00","53.87","United States","NASDAQ","USD","1.00","USD","-"
"NATI","NATIONAL INSTRUMENTS CORP","EQUITY","Information Technology","Equity","233,269,113.00","0.35","233,269,113.00","4,039,292.00","57.75","United States","NASDAQ","USD","1.00","USD","-"
"AGCO","AGCO CORP","EQUITY","Industrials","Equity","231,062,060.43","0.35","231,062,060.43","1,915,461.00","120.63","United States","New York Stock Exchange Inc.","USD","1.00","USD","-"
"ATR","APTARGROUP INC","EQUITY","Materials","Equity","230,883,987.28","0.35","230,883,987.28","2,019,629.00","114.32","United States","New York Stock Exchange Inc.","USD","1.00","USD","-"
"HR","HEALTHCARE REALTY TRUST INC CLASS","EQUITY","Real Estate","Equity","228,873,924.00","0.34","228,873,924.00","11,773,350.00","19.44","United States","New York Stock Exchange Inc.","USD","1.00","USD","-"
"TXRH","TEXAS ROADHOUSE INC","EQUITY","Consumer Discretionary","Equity","228,680,191.02","0.34","228,680,191.02","2,070,066.00","110.47","United States","NASDAQ","USD","1.00","USD","-"
"BRKR","BRUKER CORP","EQUITY","Health Care","Equity","228,563,087.62","0.34","228,563,087.62","3,094,126.00","73.87","United States","NASDAQ","USD","1.00","USD","-"
"EGP","EASTGROUP PROPERTIES REIT INC","EQUITY","Real Estate","Equity","226,273,381.65","0.34","226,273,381.65","1,348,069.00","167.85","United States","New York Stock Exchange Inc.","USD","1.00","USD","-"
"DCI","DONALDSON INC","EQUITY","Industrials","Equity","223,386,616.80","0.33","223,386,616.80","3,764,520.00","59.34","United States","New York Stock Exchange Inc.","USD","1.00","USD","-"
"CACI","CACI INTERNATIONAL INC CLASS A","EQUITY","Industrials","Equity","223,119,902.25","0.33","223,119,902.25","727,225.00","306.81","United States","New York Stock Exchange Inc.","USD","1.00","USD","-"
"BLD","TOPBUILD CORP","EQUITY","Consumer Discretionary","Equity","222,377,779.19","0.33","222,377,779.19","989,093.00","224.83","United States","New York Stock Exchange Inc.","USD","1.00","USD","-"
"CROX","CROCS INC","EQUITY","Consumer Discretionary","Equity","221,502,269.56","0.33","221,502,269.56","1,910,161.00","115.96","United States","NASDAQ","USD","1.00","USD","-"
"SKX","SKECHERS USA INC CLASS A","EQUITY","Consumer Discretionary","Equity","221,216,482.08","0.33","221,216,482.08","4,151,961.00","53.28","United States","New York Stock Exchange Inc.","USD","1.00","USD","-"
"OGE","OGE ENERGY CORP","EQUITY","Utilities","Equity","221,044,908.61","0.33","221,044,908.61","6,193,469.00","35.69","United States","New York Stock Exchange Inc.","USD","1.00","USD","-"
"OHI","OMEGA HEALTHCARE INVESTORS REIT IN","EQUITY","Real Estate","Equity","219,578,646.00","0.33","219,578,646.00","7,246,820.00","30.30","United States","New York Stock Exchange Inc.","USD","1.00","USD","-"
"JLL","JONES LANG LASALLE INC","EQUITY","Real Estate","Equity","218,645,297.55","0.33","218,645,297.55","1,468,305.00","148.91","United States","New York Stock Exchange Inc.","USD","1.00","USD","-"
"GXO","GXO LOGISTICS INC","EQUITY","Industrials","Equity","217,864,971.52","0.33","217,864,971.52","3,670,232.00","59.36","United States","New York Stock Exchange Inc.","USD","1.00","USD","-"
"FR","FIRST INDUSTRIAL REALTY TRUST INC","EQUITY","Real Estate","Equity","217,468,087.20","0.33","217,468,087.20","4,087,746.00","53.20","United States","New York Stock Exchange Inc.","USD","1.00","USD","-"
"CFR","CULLEN FROST BANKERS INC","EQUITY","Financials","Equity","217,021,943.00","0.33","217,021,943.00","1,991,027.00","109.00","United States","New York Stock Exchange Inc.","USD","1.00","USD","-"
"PRI","PRIMERICA INC","EQUITY","Financials","Equity","216,697,614.00","0.32","216,697,614.00","1,141,475.00","189.84","United States","New York Stock Exchange Inc.","USD","1.00","USD","-"
"INGR","INGREDION INC","EQUITY","Consumer Staples","Equity","216,357,167.56","0.32","216,357,167.56","2,032,286.00","106.46","United States","New York Stock Exchange Inc.","USD","1.00","USD","-"
"VOYA","VOYA FINANCIAL INC","EQUITY","Financials","Equity","215,755,885.92","0.32","215,755,885.92","3,016,721.00","71.52","United States","New York Stock Exchange Inc.","USD","1.00","USD","-"
"ITT","ITT INC","EQUITY","Industrials","Equity","214,190,001.48","0.32","214,190,001.48","2,558,409.00","83.72","United States","New York Stock Exchange Inc.","USD","1.00","USD","-"
"ORI","OLD REPUBLIC INTERNATIONAL CORP","EQUITY","Financials","Equity","213,079,347.58","0.32","213,079,347.58","8,533,414.00","24.97","United States","New York Stock Exchange Inc.","USD","1.00","USD","-"
"WBS","WEBSTER FINANCIAL CORP","EQUITY","Financials","Equity","212,255,120.41","0.32","212,255,120.41","5,383,087.00","39.43","United States","New York Stock Exchange Inc.","USD","1.00","USD","-"
"XTSLA","BLK CSH FND TREASURY SL AGENCY","STIF","Cash and/or Derivatives","Money Market","211,364,555.88","0.32","211,364,555.88","211,364,556.00","1.00","United States","-","USD","1.00","USD","-"
"AXTA","AXALTA COATING SYSTEMS LTD","EQUITY","Materials","Equity","211,149,627.78","0.32","211,149,627.78","6,824,487.00","30.94","United States","New York Stock Exchange Inc.","USD","1.00","USD","-"
"LAD","LITHIA MOTORS INC","EQUITY","Consumer Discretionary","Equity","210,882,775.50","0.32","210,882,775.50","845,730.00","249.35","United States","New York Stock Exchange Inc.","USD","1.00","USD","-"
"ALV","AUTOLIV INC","EQUITY","Consumer Discretionary","Equity","209,012,215.10","0.31","209,012,215.10","2,399,681.00","87.10","United States","New York Stock Exchange Inc.","USD","1.00","USD","-"
"RRC","RANGE RESOURCES CORP","EQUITY","Energy","Equity","206,017,338.80","0.31","206,017,338.80","7,475,230.00","27.56","United States","New York Stock Exchange Inc.","USD","1.00","USD","-"
"WMS","ADVANCED DRAINAGE SYSTEMS INC","EQUITY","Industrials","Equity","204,648,984.32","0.31","204,648,984.32","1,935,032.00","105.76","United States","New York Stock Exchange Inc.","USD","1.00","USD","-"
"LSTR","LANDSTAR SYSTEM INC","EQUITY","Industrials","Equity","203,395,716.00","0.30","203,395,716.00","1,111,452.00","183.00","United States","NASDAQ","USD","1.00","USD","-"
"WWD","WOODWARD INC","EQUITY","Industrials","Equity","202,769,451.24","0.30","202,769,451.24","1,847,726.00","109.74","United States","NASDAQ","USD","1.00","USD","-"
"VVV","VALVOLINE INC","EQUITY","Consumer Discretionary","Equity","202,761,309.24","0.30","202,761,309.24","5,319,027.00","38.12","United States","New York Stock Exchange Inc.","USD","1.00","USD","-"
"LFUS","LITTELFUSE INC","EQUITY","Information Technology","Equity","202,735,282.56","0.30","202,735,282.56","765,848.00","264.72","United States","NASDAQ","USD","1.00","USD","-"
"WH","WYNDHAM HOTELS RESORTS INC","EQUITY","Consumer Discretionary","Equity","201,704,882.16","0.30","201,704,882.16","2,732,388.00","73.82","United States","New York Stock Exchange Inc.","USD","1.00","USD","-"
"PDCE","PDC ENERGY INC","EQUITY","Energy","Equity","200,825,615.40","0.30","200,825,615.40","2,850,612.00","70.45","United States","NASDAQ","USD","1.00","USD","-"
"STAG","STAG INDUSTRIAL REIT INC","EQUITY","Real Estate","Equity","200,091,471.70","0.30","200,091,471.70","5,547,310.00","36.07","United States","New York Stock Exchange Inc.","USD","1.00","USD","-"
"OLED","UNIVERSAL DISPLAY CORP","EQUITY","Information Technology","Equity","198,962,935.65","0.30","198,962,935.65","1,344,435.00","147.99","United States","NASDAQ","USD","1.00","USD","-"
"MAT","MATTEL INC","EQUITY","Consumer Discretionary","Equity","198,882,334.30","0.30","198,882,334.30","10,963,745.00","18.14","United States","NASDAQ","USD","1.00","USD","-"
"CW","CURTISS WRIGHT CORP","EQUITY","Industrials","Equity","198,090,635.05","0.30","198,090,635.05","1,185,107.00","167.15","United States","New York Stock Exchange Inc.","USD","1.00","USD","-"
"FCN","FTI CONSULTING INC","EQUITY","Industrials","Equity","198,076,608.00","0.30","198,076,608.00","1,064,928.00","186.00","United States","New York Stock Exchange Inc.","USD","1.00","USD","-"
"GNTX","GENTEX CORP","EQUITY","Consumer Discretionary","Equity","198,044,294.12","0.30","198,044,294.12","7,257,028.00","27.29","United States","NASDAQ","USD","1.00","USD","-"
"TPX","TEMPUR SEALY INTERNATIONAL INC","EQUITY","Consumer Discretionary","Equity","197,470,764.60","0.30","197,470,764.60","5,271,510.00","37.46","United States","New York Stock Exchange Inc.","USD","1.00","USD","-"
"MTZ","MASTEC INC","EQUITY","Industrials","Equity","196,897,852.24","0.29","196,897,852.24","1,832,972.00","107.42","United States","New York Stock Exchange Inc.","USD","1.00","USD","-"
"PII","POLARIS INC","EQUITY","Consumer Discretionary","Equity","195,931,353.75","0.29","195,931,353.75","1,685,431.00","116.25","United States","New York Stock Exchange Inc.","USD","1.00","USD","-"
"OLN","OLIN CORP","EQUITY","Materials","Equity","195,722,054.22","0.29","195,722,054.22","3,806,341.00","51.42","United States","New York Stock Exchange Inc.","USD","1.00","USD","-"
"EXEL","EXELIXIS INC","EQUITY","Health Care","Equity","195,706,504.96","0.29","195,706,504.96","10,025,948.00","19.52","United States","NASDAQ","USD","1.00","USD","-"
"TREX","TREX INC","EQUITY","Industrials","Equity","195,136,955.16","0.29","195,136,955.16","3,394,867.00","57.48","United States","New York Stock Exchange Inc.","USD","1.00","USD","-"
"G","GENPACT LTD","EQUITY","Industrials","Equity","194,972,976.45","0.29","194,972,976.45","5,206,221.00","37.45","United States","New York Stock Exchange Inc.","USD","1.00","USD","-"
"EHC","ENCOMPASS HEALTH CORP","EQUITY","Health Care","Equity","194,761,479.78","0.29","194,761,479.78","3,087,042.00","63.09","United States","New York Stock Exchange Inc.","USD","1.00","USD","-"
"CIEN","CIENA CORP","EQUITY","Information Technology","Equity","194,627,368.89","0.29","194,627,368.89","4,591,351.00","42.39","United States","New York Stock Exchange Inc.","USD","1.00","USD","-"
"BRX","BRIXMOR PROPERTY GROUP REIT INC","EQUITY","Real Estate","Equity","193,169,604.78","0.29","193,169,604.78","9,278,079.00","20.82","United States","New York Stock Exchange Inc.","USD","1.00","USD","-"
"GME","GAMESTOP CORP CLASS A","EQUITY","Consumer Discretionary","Equity","193,090,441.17","0.29","193,090,441.17","7,820,593.00","24.69","United States","New York Stock Exchange Inc.","USD","1.00","USD","-"
"CHRD","CHORD ENERGY CORP","EQUITY","Energy","Equity","192,781,688.22","0.29","192,781,688.22","1,287,099.00","149.78","United States","NASDAQ","USD","1.00","USD","-"
"ACHC","ACADIA HEALTHCARE COMPANY INC","EQUITY","Health Care","Equity","191,550,854.46","0.29","191,550,854.46","2,814,441.00","68.06","United States","NASDAQ","USD","1.00","USD","-"
"SF","STIFEL FINANCIAL CORP","EQUITY","Financials","Equity","191,174,523.82","0.29","191,174,523.82","3,259,027.00","58.66","United States","New York Stock Exchange Inc.","USD","1.00","USD","-"
"LNTH","LANTHEUS HOLDINGS INC","EQUITY","Health Care","Equity","190,962,888.08","0.29","190,962,888.08","2,129,381.00","89.68","United States","NASDAQ","USD","1.00","USD","-"
"WOLF","WOLFSPEED INC","EQUITY","Information Technology","Equity","190,447,233.52","0.29","190,447,233.52","3,848,974.00","49.48","United States","New York Stock Exchange Inc.","USD","1.00","USD","-"
"FHN","FIRST HORIZON CORP","EQUITY","Financials","Equity","189,910,314.88","0.28","189,910,314.88","16,600,552.00","11.44","United States","New York Stock Exchange Inc.","USD","1.00","USD","-"
"HXL","HEXCEL CORP","EQUITY","Industrials","Equity","189,249,156.48","0.28","189,249,156.48","2,607,456.00","72.58","United States","New York Stock Exchange Inc.","USD","1.00","USD","-"
"SON","SONOCO PRODUCTS","EQUITY","Materials","Equity","189,232,572.60","0.28","189,232,572.60","3,016,620.00","62.73","United States","New York Stock Exchange Inc.","USD","1.00","USD","-"
"AA","ALCOA CORP","EQUITY","Materials","Equity","189,150,919.55","0.28","189,150,919.55","5,474,701.00","34.55","United States","New York Stock Exchange Inc.","USD","1.00","USD","-"
"NOV","NOV INC","EQUITY","Energy","Equity","188,353,132.50","0.28","188,353,132.50","12,151,815.00","15.50","United States","New York Stock Exchange Inc.","USD","1.00","USD","-"
"NXST","NEXSTAR MEDIA GROUP INC","EQUITY","Communication","Equity","188,113,015.20","0.28","188,113,015.20","1,166,520.00","161.26","United States","NASDAQ","USD","1.00","USD","-"
"NYT","NEW YORK TIMES CLASS A","EQUITY","Communication","Equity","186,257,958.30","0.28","186,257,958.30","5,093,190.00","36.57","United States","New York Stock Exchange Inc.","USD","1.00","USD","-"
"LNW","LIGHT WONDER INC","EQUITY","Consumer Discretionary","Equity","185,640,178.66","0.28","185,640,178.66","2,897,911.00","64.06","United States","NASDAQ","USD","1.00","USD","-"
"EXP","EAGLE MATERIALS INC","EQUITY","Materials","Equity","185,597,905.05","0.28","185,597,905.05","1,115,305.00","166.41","United States","New York Stock Exchange Inc.","USD","1.00","USD","-"
"SEIC","SEI INVESTMENTS","EQUITY","Financials","Equity","184,717,096.32","0.28","184,717,096.32","3,154,322.00","58.56","United States","NASDAQ","USD","1.00","USD","-"
"SIGI","SELECTIVE INSURANCE GROUP INC","EQUITY","Financials","Equity","184,705,413.30","0.28","184,705,413.30","1,866,654.00","98.95","United States","NASDAQ","USD","1.00","USD","-"
"UGI","UGI CORP","EQUITY","Utilities","Equity","184,177,228.71","0.28","184,177,228.71","6,482,831.00","28.41","United States","New York Stock Exchange Inc.","USD","1.00","USD","-"
"VMI","VALMONT INDS INC","EQUITY","Industrials","Equity","184,007,816.64","0.28","184,007,816.64","659,952.00","278.82","United States","New York Stock Exchange Inc.","USD","1.00","USD","-"
"BC","BRUNSWICK CORP","EQUITY","Consumer Discretionary","Equity","183,978,487.86","0.28","183,978,487.86","2,243,093.00","82.02","United States","New York Stock Exchange Inc.","USD","1.00","USD","-"
"WING","WINGSTOP INC","EQUITY","Consumer Discretionary","Equity","183,690,659.76","0.28","183,690,659.76","925,487.00","198.48","United States","NASDAQ","USD","1.00","USD","-"
"DINO","HF SINCLAIR CORP","EQUITY","Energy","Equity","182,774,367.26","0.27","182,774,367.26","4,160,582.00","43.93","United States","New York Stock Exchange Inc.","USD","1.00","USD","-"
"NOVT","NOVANTA INC","EQUITY","Information Technology","Equity","182,220,829.04","0.27","182,220,829.04","1,104,101.00","165.04","United States","NASDAQ","USD","1.00","USD","-"
"FAF","FIRST AMERICAN FINANCIAL CORP","EQUITY","Financials","Equity","181,220,911.73","0.27","181,220,911.73","3,222,851.00","56.23","United States","New York Stock Exchange Inc.","USD","1.00","USD","-"
"UNVR","UNIVAR SOLUTIONS INC","EQUITY","Industrials","Equity","180,002,194.44","0.27","180,002,194.44","5,047,734.00","35.66","United States","New York Stock Exchange Inc.","USD","1.00","USD","-"
"AR","ANTERO RESOURCES CORP","EQUITY","Energy","Equity","179,215,565.80","0.27","179,215,565.80","8,542,210.00","20.98","United States","New York Stock Exchange Inc.","USD","1.00","USD","-"
"ADC","AGREE REALTY REIT CORP","EQUITY","Real Estate","Equity","179,203,455.60","0.27","179,203,455.60","2,740,114.00","65.40","United States","New York Stock Exchange Inc.","USD","1.00","USD","-"
"STWD","STARWOOD PROPERTY TRUST REIT INC","EQUITY","Financials","Equity","178,412,028.40","0.27","178,412,028.40","9,628,280.00","18.53","United States","New York Stock Exchange Inc.","USD","1.00","USD","-"
"CELH","CELSIUS HOLDINGS INC","EQUITY","Consumer Staples","Equity","177,735,480.10","0.27","177,735,480.10","1,249,810.00","142.21","United States","NASDAQ","USD","1.00","USD","-"
"CBSH","COMMERCE BANCSHARES INC","EQUITY","Financials","Equity","177,600,447.57","0.27","177,600,447.57","3,518,931.00","50.47","United States","NASDAQ","USD","1.00","USD","-"
"MUSA","MURPHY USA INC","EQUITY","Consumer Discretionary","Equity","176,406,118.98","0.26","176,406,118.98","619,034.00","284.97","United States","New York Stock Exchange Inc.","USD","1.00","USD","-"
"JEF","JEFFERIES FINANCIAL GROUP INC","EQUITY","Financials","Equity","176,256,930.15","0.26","176,256,930.15","5,597,235.00","31.49","United States","New York Stock Exchange Inc.","USD","1.00","USD","-"
"SWN","SOUTHWESTERN ENERGY","EQUITY","Energy","Equity","175,481,018.64","0.26","175,481,018.64","34,140,276.00","5.14","United States","New York Stock Exchange Inc.","USD","1.00","USD","-"
"XPO","XPO INC","EQUITY","Industrials","Equity","174,466,861.76","0.26","174,466,861.76","3,557,644.00","49.04","United States","New York Stock Exchange Inc.","USD","1.00","USD","-"
"SAIC","SCIENCE APPLICATIONS INTERNATIONAL","EQUITY","Industrials","Equity","174,356,474.64","0.26","174,356,474.64","1,689,992.00","103.17","United States","New York Stock Exchange Inc.","USD","1.00","USD","-"
"MKSI","MKS INSTRUMENTS INC","EQUITY","Information Technology","Equity","174,021,080.10","0.26","174,021,080.10","1,769,406.00","98.35","United States","NASDAQ","USD","1.00","USD","-"
"AMG","AFFILIATED MANAGERS GROUP INC","EQUITY","Financials","Equity","172,016,132.62","0.26","172,016,132.62","1,165,342.00","147.61","United States","New York Stock Exchange Inc.","USD","1.00","USD","-"
"HQY","HEALTHEQUITY INC","EQUITY","Health Care","Equity","171,953,086.14","0.26","171,953,086.14","2,618,442.00","65.67","United States","NASDAQ","USD","1.00","USD","-"
"SRC","SPIRIT REALTY CAPITAL REIT INC","EQUITY","Real Estate","Equity","171,826,086.15","0.26","171,826,086.15","4,320,495.00","39.77","United States","New York Stock Exchange Inc.","USD","1.00","USD","-"
"MEDP","MEDPACE HOLDINGS INC","EQUITY","Health Care","Equity","171,187,188.48","0.26","171,187,188.48","779,328.00","219.66","United States","NASDAQ","USD","1.00","USD","-"
"CHX","CHAMPIONX CORP","EQUITY","Energy","Equity","171,077,217.60","0.26","171,077,217.60","6,145,015.00","27.84","United States","NASDAQ","USD","1.00","USD","-"
"PB","PROSPERITY BANCSHARES INC","EQUITY","Financials","Equity","170,537,100.05","0.26","170,537,100.05","2,824,865.00","60.37","United States","New York Stock Exchange Inc.","USD","1.00","USD","-"
"SSD","SIMPSON MANUFACTURING INC","EQUITY","Industrials","Equity","170,302,783.21","0.26","170,302,783.21","1,317,827.00","129.23","United States","New York Stock Exchange Inc.","USD","1.00","USD","-"
"MTDR","MATADOR RESOURCES","EQUITY","Energy","Equity","169,675,535.68","0.25","169,675,535.68","3,472,688.00","48.86","United States","New York Stock Exchange Inc.","USD","1.00","USD","-"
"MUR","MURPHY OIL CORP","EQUITY","Energy","Equity","169,342,350.28","0.25","169,342,350.28","4,520,618.00","37.46","United States","New York Stock Exchange Inc.","USD","1.00","USD","-"
"OSK","OSHKOSH CORP","EQUITY","Industrials","Equity","168,092,482.53","0.25","168,092,482.53","2,023,017.00","83.09","United States","New York Stock Exchange Inc.","USD","1.00","USD","-"
"CMC","COMMERCIAL METALS","EQUITY","Materials","Equity","167,939,630.55","0.25","167,939,630.55","3,623,293.00","46.35","United States","New York Stock Exchange Inc.","USD","1.00","USD","-"
"UFPI","UFP INDUSTRIES INC","EQUITY","Industrials","Equity","167,686,014.62","0.25","167,686,014.62","1,906,823.00","87.94","United States","NASDAQ","USD","1.00","USD","-"
"AIRC","APARTMENT INCOME REIT CORP","EQUITY","Real Estate","Equity","167,172,597.27","0.25","167,172,597.27","4,632,103.00","36.09","United States","New York Stock Exchange Inc.","USD","1.00","USD","-"
"MPW","MEDICAL PROPERTIES TRUST REIT INC","EQUITY","Real Estate","Equity","166,400,522.50","0.25","166,400,522.50","18,530,125.00","8.98","United States","New York Stock Exchange Inc.","USD","1.00","USD","-"
"BYD","BOYD GAMING CORP","EQUITY","Consumer Discretionary","Equity","166,357,473.48","0.25","166,357,473.48","2,454,012.00","67.79","United States","New York Stock Exchange Inc.","USD","1.00","USD","-"
"NVST","ENVISTA HOLDINGS CORP","EQUITY","Health Care","Equity","165,851,897.40","0.25","165,851,897.40","5,048,764.00","32.85","United States","New York Stock Exchange Inc.","USD","1.00","USD","-"
"EEFT","EURONET WORLDWIDE INC","EQUITY","Financials","Equity","165,661,154.90","0.25","165,661,154.90","1,457,515.00","113.66","United States","NASDAQ","USD","1.00","USD","-"
"TKR","TIMKEN","EQUITY","Industrials","Equity","164,650,436.40","0.25","164,650,436.40","2,047,891.00","80.40","United States","New York Stock Exchange Inc.","USD","1.00","USD","-"
"MSA","MSA SAFETY INC","EQUITY","Industrials","Equity","164,116,322.90","0.25","164,116,322.90","1,139,855.00","143.98","United States","New York Stock Exchange Inc.","USD","1.00","USD","-"
"COHR","COHERENT CORP","EQUITY","Information Technology","Equity","163,747,919.66","0.25","163,747,919.66","4,298,974.00","38.09","United States","New York Stock Exchange Inc.","USD","1.00","USD","-"
"GTLS","CHART INDUSTRIES INC","EQUITY","Industrials","Equity","163,400,495.58","0.24","163,400,495.58","1,316,578.00","124.11","United States","New York Stock Exchange Inc.","USD","1.00","USD","-"
"OPCH","OPTION CARE HEALTH INC","EQUITY","Health Care","Equity","162,922,707.60","0.24","162,922,707.60","5,177,080.00","31.47","United States","NASDAQ","USD","1.00","USD","-"
"IDA","IDACORP INC","EQUITY","Utilities","Equity","162,268,240.68","0.24","162,268,240.68","1,564,182.00","103.74","United States","New York Stock Exchange Inc.","USD","1.00","USD","-"
"PVH","PVH CORP","EQUITY","Consumer Discretionary","Equity","162,187,366.66","0.24","162,187,366.66","1,960,442.00","82.73","United States","New York Stock Exchange Inc.","USD","1.00","USD","-"
"SSB","SOUTHSTATE CORP","EQUITY","Financials","Equity","161,673,315.36","0.24","161,673,315.36","2,341,734.00","69.04","United States","NASDAQ","USD","1.00","USD","-"
"RLI","RLI CORP","EQUITY","Financials","Equity","161,272,334.40","0.24","161,272,334.40","1,251,920.00","128.82","United States","New York Stock Exchange Inc.","USD","1.00","USD","-"
"CC","CHEMOURS","EQUITY","Materials","Equity","159,327,649.60","0.24","159,327,649.60","4,588,930.00","34.72","United States","New York Stock Exchange Inc.","USD","1.00","USD","-"
"AYI","ACUITY BRANDS INC","EQUITY","Industrials","Equity","159,286,081.50","0.24","159,286,081.50","991,510.00","160.65","United States","New York Stock Exchange Inc.","USD","1.00","USD","-"
"X","US STEEL CORP","EQUITY","Materials","Equity","158,641,595.42","0.24","158,641,595.42","7,010,234.00","22.63","United States","New York Stock Exchange Inc.","USD","1.00","USD","-"
"EXLS","EXLSERVICE HOLDINGS INC","EQUITY","Industrials","Equity","157,256,956.24","0.24","157,256,956.24","1,022,876.00","153.74","United States","NASDAQ","USD","1.00","USD","-"
"POWI","POWER INTEGRATIONS INC","EQUITY","Information Technology","Equity","157,253,266.80","0.24","157,253,266.80","1,762,929.00","89.20","United States","NASDAQ","USD","1.00","USD","-"
"VAC","MARRIOTT VACATIONS WORLDWIDE CORP","EQUITY","Consumer Discretionary","Equity","156,448,059.54","0.23","156,448,059.54","1,185,482.00","131.97","United States","New York Stock Exchange Inc.","USD","1.00","USD","-"
"MMS","MAXIMUS INC","EQUITY","Industrials","Equity","155,368,158.40","0.23","155,368,158.40","1,880,060.00","82.64","United States","New York Stock Exchange Inc.","USD","1.00","USD","-"
"TMHC","TAYLOR MORRISON HOME CORP","EQUITY","Consumer Discretionary","Equity","155,122,599.84","0.23","155,122,599.84","3,351,828.00","46.28","United States","New York Stock Exchange Inc.","USD","1.00","USD","-"
"ESNT","ESSENT GROUP LTD","EQUITY","Financials","Equity","154,305,445.44","0.23","154,305,445.44","3,331,292.00","46.32","United States","New York Stock Exchange Inc.","USD","1.00","USD","-"
"THO","THOR INDUSTRIES INC","EQUITY","Consumer Discretionary","Equity","154,226,126.25","0.23","154,226,126.25","1,655,675.00","93.15","United States","New York Stock Exchange Inc.","USD","1.00","USD","-"
"RH","RH","EQUITY","Consumer Discretionary","Equity","153,620,970.60","0.23","153,620,970.60","577,957.00","265.80","United States","New York Stock Exchange Inc.","USD","1.00","USD","-"
"TDC","TERADATA CORP","EQUITY","Information Technology","Equity","152,865,808.50","0.23","152,865,808.50","3,149,275.00","48.54","United States","New York Stock Exchange Inc.","USD","1.00","USD","-"
"VNT","VONTIER CORP","EQUITY","Information Technology","Equity","149,806,717.70","0.22","149,806,717.70","4,887,658.00","30.65","United States","New York Stock Exchange Inc.","USD","1.00","USD","-"
"EXPO","EXPONENT INC","EQUITY","Industrials","Equity","149,465,012.55","0.22","149,465,012.55","1,566,555.00","95.41","United States","NASDAQ","USD","1.00","USD","-"
"AZPN","ASPEN TECHNOLOGY INC","EQUITY","Information Technology","Equity","149,190,483.66","0.22","149,190,483.66","901,671.00","165.46","United States","NASDAQ","USD","1.00","USD","-"
"COLB","COLUMBIA BANKING SYSTEM INC","EQUITY","Financials","Equity","148,938,904.90","0.22","148,938,904.90","6,433,646.00","23.15","United States","NASDAQ","USD","1.00","USD","-"
"BRBR","BELLRING BRANDS INC","EQUITY","Consumer Staples","Equity","148,387,409.73","0.22","148,387,409.73","4,132,203.00","35.91","United States","New York Stock Exchange Inc.","USD","1.00","USD","-"
"NJR","NEW JERSEY RESOURCES CORP","EQUITY","Utilities","Equity","148,337,861.70","0.22","148,337,861.70","2,997,330.00","49.49","United States","New York Stock Exchange Inc.","USD","1.00","USD","-"
"AN","AUTONATION INC","EQUITY","Consumer Discretionary","Equity","148,206,729.96","0.22","148,206,729.96","1,058,166.00","140.06","United States","New York Stock Exchange Inc.","USD","1.00","USD","-"
"NFG","NATIONAL FUEL GAS","EQUITY","Utilities","Equity","147,839,050.92","0.22","147,839,050.92","2,839,782.00","52.06","United States","New York Stock Exchange Inc.","USD","1.00","USD","-"
"HRB","H&R BLOCK INC","EQUITY","Consumer Discretionary","Equity","147,072,799.44","0.22","147,072,799.44","4,710,852.00","31.22","United States","New York Stock Exchange Inc.","USD","1.00","USD","-"
"FLO","FLOWERS FOODS INC","EQUITY","Consumer Staples","Equity","146,869,889.53","0.22","146,869,889.53","5,943,743.00","24.71","United States","New York Stock Exchange Inc.","USD","1.00","USD","-"
"SLAB","SILICON LABORATORIES INC","EQUITY","Information Technology","Equity","146,206,214.08","0.22","146,206,214.08","986,813.00","148.16","United States","NASDAQ","USD","1.00","USD","-"
"WTS","WATTS WATER TECHNOLOGIES INC CLASS","EQUITY","Industrials","Equity","145,029,409.56","0.22","145,029,409.56","845,012.00","171.63","United States","New York Stock Exchange Inc.","USD","1.00","USD","-"
"CPRI","CAPRI HOLDINGS LTD","EQUITY","Consumer Discretionary","Equity","144,669,051.60","0.22","144,669,051.60","3,888,953.00","37.20","United States","New York Stock Exchange Inc.","USD","1.00","USD","-"
"MTG","MGIC INVESTMENT CORP","EQUITY","Financials","Equity","144,061,829.40","0.22","144,061,829.40","9,077,620.00","15.87","United States","New York Stock Exchange Inc.","USD","1.00","USD","-"
"DTM","DT MIDSTREAM INC","EQUITY","Energy","Equity","143,100,158.81","0.21","143,100,158.81","2,993,101.00","47.81","United States","New York Stock Exchange Inc.","USD","1.00","USD","-"
"FLS","FLOWSERVE CORP","EQUITY","Industrials","Equity","142,280,489.52","0.21","142,280,489.52","4,043,208.00","35.19","United States","New York Stock Exchange Inc.","USD","1.00","USD","-"
"HALO","HALOZYME THERAPEUTICS INC","EQUITY","Health Care","Equity","142,137,218.66","0.21","142,137,218.66","4,182,967.00","33.98","United States","NASDAQ","USD","1.00","USD","-"
"CAR","AVIS BUDGET GROUP INC","EQUITY","Industrials","Equity","142,078,866.80","0.21","142,078,866.80","769,658.00","184.60","United States","NASDAQ","USD","1.00","USD","-"
"QDEL","QUIDELORTHO CORP","EQUITY","Health Care","Equity","141,897,213.54","0.21","141,897,213.54","1,654,971.00","85.74","United States","NASDAQ","USD","1.00","USD","-"
"POST","POST HOLDINGS INC","EQUITY","Consumer Staples","Equity","140,936,595.11","0.21","140,936,595.11","1,658,663.00","84.97","United States","New York Stock Exchange Inc.","USD","1.00","USD","-"
"ORA","ORMAT TECH INC","EQUITY","Utilities","Equity","140,771,383.12","0.21","140,771,383.12","1,623,848.00","86.69","United States","New York Stock Exchange Inc.","USD","1.00","USD","-"
"HOG","HARLEY DAVIDSON INC","EQUITY","Consumer Discretionary","Equity","140,373,531.09","0.21","140,373,531.09","4,115,319.00","34.11","United States","New York Stock Exchange Inc.","USD","1.00","USD","-"
"QLYS","QUALYS INC","EQUITY","Information Technology","Equity","140,214,671.73","0.21","140,214,671.73","1,069,443.00","131.11","United States","NASDAQ","USD","1.00","USD","-"
"PRGO","PERRIGO PLC","EQUITY","Health Care","Equity","139,743,265.20","0.21","139,743,265.20","4,165,224.00","33.55","United States","New York Stock Exchange Inc.","USD","1.00","USD","-"
"LPX","LOUISIANA PACIFIC CORP","EQUITY","Materials","Equity","139,508,363.10","0.21","139,508,363.10","2,217,939.00","62.90","United States","New York Stock Exchange Inc.","USD","1.00","USD","-"
"KRG","KITE REALTY GROUP TRUST REIT","EQUITY","Real Estate","Equity","139,491,589.86","0.21","139,491,589.86","6,778,017.00","20.58","United States","New York Stock Exchange Inc.","USD","1.00","USD","-"
"KEX","KIRBY CORP","EQUITY","Industrials","Equity","139,339,809.60","0.21","139,339,809.60","1,852,923.00","75.20","United States","New York Stock Exchange Inc.","USD","1.00","USD","-"
"SNV","SYNOVUS FINANCIAL CORP","EQUITY","Financials","Equity","139,298,614.85","0.21","139,298,614.85","4,500,763.00","30.95","United States","New York Stock Exchange Inc.","USD","1.00","USD","-"
"RYN","RAYONIER REIT INC","EQUITY","Real Estate","Equity","137,191,578.06","0.21","137,191,578.06","4,556,346.00","30.11","United States","New York Stock Exchange Inc.","USD","1.00","USD","-"
"HOMB","HOME BANCSHARES INC","EQUITY","Financials","Equity","136,899,518.12","0.21","136,899,518.12","5,852,908.00","23.39","United States","New York Stock Exchange Inc.","USD","1.00","USD","-"
"OGS","ONE GAS INC","EQUITY","Utilities","Equity","136,320,029.61","0.20","136,320,029.61","1,674,899.00","81.39","United States","New York Stock Exchange Inc.","USD","1.00","USD","-"
"PBF","PBF ENERGY INC CLASS A","EQUITY","Energy","Equity","136,270,233.02","0.20","136,270,233.02","3,535,813.00","38.54","United States","New York Stock Exchange Inc.","USD","1.00","USD","-"
"ASH","ASHLAND INC","EQUITY","Materials","Equity","136,161,161.95","0.20","136,161,161.95","1,544,653.00","88.15","United States","New York Stock Exchange Inc.","USD","1.00","USD","-"
"MSM","MSC INDUSTRIAL INC CLASS A","EQUITY","Industrials","Equity","135,872,422.14","0.20","135,872,422.14","1,463,827.00","92.82","United States","New York Stock Exchange Inc.","USD","1.00","USD","-"
"UBSI","UNITED BANKSHARES INC","EQUITY","Financials","Equity","135,801,681.77","0.20","135,801,681.77","4,151,687.00","32.71","United States","NASDAQ","USD","1.00","USD","-"
"POR","PORTLAND GENERAL ELECTRIC","EQUITY","Utilities","Equity","135,711,313.92","0.20","135,711,313.92","2,761,728.00","49.14","United States","New York Stock Exchange Inc.","USD","1.00","USD","-"
"HAE","HAEMONETICS CORP","EQUITY","Health Care","Equity","135,606,790.08","0.20","135,606,790.08","1,560,672.00","86.89","United States","New York Stock Exchange Inc.","USD","1.00","USD","-"
"GMED","GLOBUS MEDICAL INC CLASS A","EQUITY","Health Care","Equity","135,339,234.00","0.20","135,339,234.00","2,408,600.00","56.19","United States","New York Stock Exchange Inc.","USD","1.00","USD","-"
"GATX","GATX CORP","EQUITY","Industrials","Equity","135,040,565.49","0.20","135,040,565.49","1,088,949.00","124.01","United States","New York Stock Exchange Inc.","USD","1.00","USD","-"
"COTY","COTY INC CLASS A","EQUITY","Consumer Staples","Equity","134,738,552.52","0.20","134,738,552.52","11,341,629.00","11.88","United States","New York Stock Exchange Inc.","USD","1.00","USD","-"
"WWE","WORLD WRESTLING ENTERTAINMENT INC","EQUITY","Communication","Equity","134,002,932.24","0.20","134,002,932.24","1,340,968.00","99.93","United States","New York Stock Exchange Inc.","USD","1.00","USD","-"
"OZK","BANK OZK","EQUITY","Financials","Equity","133,504,792.14","0.20","133,504,792.14","3,407,473.00","39.18","United States","NASDAQ","USD","1.00","USD","-"
"M","MACYS INC","EQUITY","Consumer Discretionary","Equity","133,355,064.90","0.20","133,355,064.90","8,387,111.00","15.90","United States","New York Stock Exchange Inc.","USD","1.00","USD","-"
"FLR","FLUOR CORP","EQUITY","Industrials","Equity","132,967,414.25","0.20","132,967,414.25","4,395,617.00","30.25","United States","New York Stock Exchange Inc.","USD","1.00","USD","-"
"SYNH","SYNEOS HEALTH INC CLASS A","EQUITY","Health Care","Equity","132,208,678.50","0.20","132,208,678.50","3,183,450.00","41.53","United States","NASDAQ","USD","1.00","USD","-"
"CRUS","CIRRUS LOGIC INC","EQUITY","Information Technology","Equity","132,140,485.00","0.20","132,140,485.00","1,709,450.00","77.30","United States","NASDAQ","USD","1.00","USD","-"
"NSP","INSPERITY INC","EQUITY","Industrials","Equity","132,089,160.00","0.20","132,089,160.00","1,100,743.00","120.00","United States","New York Stock Exchange Inc.","USD","1.00","USD","-"
"WTFC","WINTRUST FINANCIAL CORP","EQUITY","Financials","Equity","131,643,094.30","0.20","131,643,094.30","1,879,810.00","70.03","United States","NASDAQ","USD","1.00","USD","-"
"FNB","FNB CORP","EQUITY","Financials","Equity","131,587,546.60","0.20","131,587,546.60","11,151,487.00","11.80","United States","New York Stock Exchange Inc.","USD","1.00","USD","-"
"ENS","ENERSYS","EQUITY","Industrials","Equity","131,179,429.80","0.20","131,179,429.80","1,263,771.00","103.80","United States","New York Stock Exchange Inc.","USD","1.00","USD","-"
"LEG","LEGGETT & PLATT INC","EQUITY","Consumer Discretionary","Equity","130,201,193.58","0.20","130,201,193.58","4,102,117.00","31.74","United States","New York Stock Exchange Inc.","USD","1.00","USD","-"
"PNFP","PINNACLE FINANCIAL PARTNERS INC","EQUITY","Financials","Equity","129,878,568.96","0.19","129,878,568.96","2,366,592.00","54.88","United States","NASDAQ","USD","1.00","USD","-"
"ETRN","EQUITRANS MIDSTREAM CORP","EQUITY","Energy","Equity","129,199,169.75","0.19","129,199,169.75","13,388,515.00","9.65","United States","New York Stock Exchange Inc.","USD","1.00","USD","-"
"MDU","MDU RESOURCES GROUP INC","EQUITY","Industrials","Equity","128,546,847.09","0.19","128,546,847.09","6,292,063.00","20.43","United States","New York Stock Exchange Inc.","USD","1.00","USD","-"
"CBT","CABOT CORP","EQUITY","Materials","Equity","128,381,800.32","0.19","128,381,800.32","1,742,424.00","73.68","United States","New York Stock Exchange Inc.","USD","1.00","USD","-"
"NEOG","NEOGEN CORP","EQUITY","Health Care","Equity","127,988,127.30","0.19","127,988,127.30","6,686,945.00","19.14","United States","NASDAQ","USD","1.00","USD","-"
"IRT","INDEPENDENCE REALTY INC TRUST","EQUITY","Real Estate","Equity","127,900,114.03","0.19","127,900,114.03","6,924,749.00","18.47","United States","New York Stock Exchange Inc.","USD","1.00","USD","-"
"PENN","PENN ENTERTAINMENT INC","EQUITY","Consumer Discretionary","Equity","127,838,034.00","0.19","127,838,034.00","4,798,725.00","26.64","United States","NASDAQ","USD","1.00","USD","-"
"R","RYDER SYSTEM INC","EQUITY","Industrials","Equity","126,837,366.30","0.19","126,837,366.30","1,554,570.00","81.59","United States","New York Stock Exchange Inc.","USD","1.00","USD","-"
"BKH","BLACK HILLS CORP","EQUITY","Utilities","Equity","126,552,832.14","0.19","126,552,832.14","2,013,249.00","62.86","United States","New York Stock Exchange Inc.","USD","1.00","USD","-"
"EVR","EVERCORE INC CLASS A","EQUITY","Financials","Equity","126,278,611.20","0.19","126,278,611.20","1,105,380.00","114.24","United States","New York Stock Exchange Inc.","USD","1.00","USD","-"
"RUN","SUNRUN INC","EQUITY","Industrials","Equity","126,182,325.72","0.19","126,182,325.72","6,592,598.00","19.14","United States","NASDAQ","USD","1.00","USD","-"
"AVT","AVNET INC","EQUITY","Information Technology","Equity","126,079,383.20","0.19","126,079,383.20","2,826,892.00","44.60","United States","NASDAQ","USD","1.00","USD","-"
"SLM","SLM CORP","EQUITY","Financials","Equity","125,991,243.72","0.19","125,991,243.72","7,446,291.00","16.92","United States","NASDAQ","USD","1.00","USD","-"
"THG","HANOVER INSURANCE GROUP INC","EQUITY","Financials","Equity","125,431,270.93","0.19","125,431,270.93","1,101,337.00","113.89","United States","New York Stock Exchange Inc.","USD","1.00","USD","-"
"VC","VISTEON CORP","EQUITY","Consumer Discretionary","Equity","124,846,764.60","0.19","124,846,764.60","870,619.00","143.40","United States","NASDAQ","USD","1.00","USD","-"
"HE","HAWAIIAN ELECTRIC INDUSTRIES INC","EQUITY","Utilities","Equity","124,794,404.35","0.19","124,794,404.35","3,386,551.00","36.85","United States","New York Stock Exchange Inc.","USD","1.00","USD","-"
"SRCL","STERICYCLE INC","EQUITY","Industrials","Equity","124,252,228.88","0.19","124,252,228.88","2,851,784.00","43.57","United States","NASDAQ","USD","1.00","USD","-"
"PNM","PNM RESOURCES INC","EQUITY","Utilities","Equity","123,609,335.50","0.19","123,609,335.50","2,655,410.00","46.55","United States","New York Stock Exchange Inc.","USD","1.00","USD","-"
"LANC","LANCASTER COLONY CORP","EQUITY","Consumer Staples","Equity","123,377,109.80","0.18","123,377,109.80","614,122.00","200.90","United States","NASDAQ","USD","1.00","USD","-"
"FOXF","FOX FACTORY HOLDING CORP","EQUITY","Consumer Discretionary","Equity","123,358,134.94","0.18","123,358,134.94","1,307,591.00","94.34","United States","NASDAQ","USD","1.00","USD","-"
"ONB","OLD NATIONAL BANCORP","EQUITY","Financials","Equity","122,326,375.50","0.18","122,326,375.50","9,061,213.00","13.50","United States","NASDAQ","USD","1.00","USD","-"
"SWX","SOUTHWEST GAS HOLDINGS INC","EQUITY","Utilities","Equity","122,165,575.00","0.18","122,165,575.00","2,010,625.00","60.76","United States","New York Stock Exchange Inc.","USD","1.00","USD","-"
"KBH","KB HOME","EQUITY","Consumer Discretionary","Equity","122,117,946.60","0.18","122,117,946.60","2,525,185.00","48.36","United States","New York Stock Exchange Inc.","USD","1.00","USD","-"
"CNXC","CONCENTRIX CORP","EQUITY","Industrials","Equity","121,254,580.80","0.18","121,254,580.80","1,320,856.00","91.80","United States","NASDAQ","USD","1.00","USD","-"
"ARWR","ARROWHEAD PHARMACEUTICALS INC","EQUITY","Health Care","Equity","121,026,381.00","0.18","121,026,381.00","3,350,675.00","36.12","United States","NASDAQ","USD","1.00","USD","-"
"WLK","WESTLAKE CORP","EQUITY","Materials","Equity","120,162,117.60","0.18","120,162,117.60","1,065,267.00","112.80","United States","New York Stock Exchange Inc.","USD","1.00","USD","-"
"SNX","TD SYNNEX CORP","EQUITY","Information Technology","Equity","119,752,308.00","0.18","119,752,308.00","1,298,128.00","92.25","United States","New York Stock Exchange Inc.","USD","1.00","USD","-"
"BDC","BELDEN INC","EQUITY","Information Technology","Equity","119,352,309.12","0.18","119,352,309.12","1,324,224.00","90.13","United States","New York Stock Exchange Inc.","USD","1.00","USD","-"
"ICUI","ICU MEDICAL INC","EQUITY","Health Care","Equity","118,688,249.55","0.18","118,688,249.55","623,199.00","190.45","United States","NASDAQ","USD","1.00","USD","-"
"GT","GOODYEAR TIRE & RUBBER","EQUITY","Consumer Discretionary","Equity","118,570,128.65","0.18","118,570,128.65","8,750,563.00","13.55","United States","NASDAQ","USD","1.00","USD","-"
"MAN","MANPOWER INC","EQUITY","Industrials","Equity","117,974,481.18","0.18","117,974,481.18","1,564,026.00","75.43","United States","New York Stock Exchange Inc.","USD","1.00","USD","-"
"WEN","WENDYS","EQUITY","Consumer Discretionary","Equity","117,779,495.90","0.18","117,779,495.90","5,272,135.00","22.34","United States","NASDAQ","USD","1.00","USD","-"
"SLGN","SILGAN HOLDINGS INC","EQUITY","Materials","Equity","117,499,286.00","0.18","117,499,286.00","2,588,090.00","45.40","United States","New York Stock Exchange Inc.","USD","1.00","USD","-"
"PCH","POTLATCHDELTIC CORP","EQUITY","Real Estate","Equity","117,473,571.06","0.18","117,473,571.06","2,498,906.00","47.01","United States","NASDAQ","USD","1.00","USD","-"
"GBCI","GLACIER BANCORP INC","EQUITY","Financials","Equity","116,793,659.52","0.17","116,793,659.52","3,427,044.00","34.08","United States","New York Stock Exchange Inc.","USD","1.00","USD","-"
"FFIN","FIRST FINANCIAL BANKSHARES INC","EQUITY","Financials","Equity","116,492,817.09","0.17","116,492,817.09","4,015,609.00","29.01","United States","NASDAQ","USD","1.00","USD","-"
"HGV","HILTON GRAND VACATIONS INC","EQUITY","Consumer Discretionary","Equity","115,357,991.21","0.17","115,357,991.21","2,455,993.00","46.97","United States","New York Stock Exchange Inc.","USD","1.00","USD","-"
"CR","CRANE","EQUITY","Industrials","Equity","115,126,162.90","0.17","115,126,162.90","1,476,355.00","77.98","United States","New York Stock Exchange Inc.","USD","1.00","USD","-"
"FCFS","FIRSTCASH HOLDINGS INC","EQUITY","Financials","Equity","114,727,758.20","0.17","114,727,758.20","1,160,038.00","98.90","United States","NASDAQ","USD","1.00","USD","-"
"JHG","JANUS HENDERSON GROUP PLC","EQUITY","Financials","Equity","114,671,937.43","0.17","114,671,937.43","4,099,819.00","27.97","United States","New York Stock Exchange Inc.","USD","1.00","USD","-"
"VAL","VALARIS LTD","EQUITY","Energy","Equity","114,482,041.17","0.17","114,482,041.17","1,860,589.00","61.53","United States","New York Stock Exchange Inc.","USD","1.00","USD","-"
"TEX","TEREX CORP","EQUITY","Industrials","Equity","113,492,637.35","0.17","113,492,637.35","2,088,181.00","54.35","United States","New York Stock Exchange Inc.","USD","1.00","USD","-"
"TGNA","TEGNA INC","EQUITY","Communication","Equity","112,643,136.96","0.17","112,643,136.96","6,902,153.00","16.32","United States","New York Stock Exchange Inc.","USD","1.00","USD","-"
"AM","ANTERO MIDSTREAM CORP","EQUITY","Energy","Equity","111,491,418.56","0.17","111,491,418.56","10,361,656.00","10.76","United States","New York Stock Exchange Inc.","USD","1.00","USD","-"
"OLLI","OLLIES BARGAIN OUTLET HOLDINGS INC","EQUITY","Consumer Discretionary","Equity","111,037,214.34","0.17","111,037,214.34","1,790,634.00","62.01","United States","NASDAQ","USD","1.00","USD","-"
"VLY","VALLEY NATIONAL","EQUITY","Financials","Equity","110,777,857.92","0.17","110,777,857.92","13,002,096.00","8.52","United States","NASDAQ","USD","1.00","USD","-"
"IPGP","IPG PHOTONICS CORP","EQUITY","Information Technology","Equity","109,698,845.60","0.16","109,698,845.60","994,640.00","110.29","United States","NASDAQ","USD","1.00","USD","-"
"HWC","HANCOCK WHITNEY CORP","EQUITY","Financials","Equity","109,564,838.08","0.16","109,564,838.08","2,650,976.00","41.33","United States","NASDAQ","USD","1.00","USD","-"
"ASGN","ASGN INC","EQUITY","Industrials","Equity","108,476,431.43","0.16","108,476,431.43","1,543,709.00","70.27","United States","New York Stock Exchange Inc.","USD","1.00","USD","-"
"SFM","SPROUTS FARMERS MARKET INC","EQUITY","Consumer Staples","Equity","108,045,954.92","0.16","108,045,954.92","3,274,616.00","32.99","United States","NASDAQ","USD","1.00","USD","-"
"ALE","ALLETE INC","EQUITY","Utilities","Equity","107,904,350.88","0.16","107,904,350.88","1,768,344.00","61.02","United States","New York Stock Exchange Inc.","USD","1.00","USD","-"
"FYBR","FRONTIER COMMUNICATIONS PARENT INC","EQUITY","Communication","Equity","107,804,611.44","0.16","107,804,611.44","6,897,288.00","15.63","United States","NASDAQ","USD","1.00","USD","-"
"WU","WESTERN UNION","EQUITY","Financials","Equity","106,798,519.10","0.16","106,798,519.10","9,027,770.00","11.83","United States","New York Stock Exchange Inc.","USD","1.00","USD","-"
"SR","SPIRE INC","EQUITY","Utilities","Equity","106,456,811.07","0.16","106,456,811.07","1,625,543.00","65.49","United States","New York Stock Exchange Inc.","USD","1.00","USD","-"
"NCR","NCR CORP","EQUITY","Information Technology","Equity","106,173,810.24","0.16","106,173,810.24","4,269,152.00","24.87","United States","New York Stock Exchange Inc.","USD","1.00","USD","-"
"LITE","LUMENTUM HOLDINGS INC","EQUITY","Information Technology","Equity","106,146,219.90","0.16","106,146,219.90","2,119,110.00","50.09","United States","NASDAQ","USD","1.00","USD","-"
"VSH","VISHAY INTERTECHNOLOGY INC","EQUITY","Information Technology","Equity","106,060,544.10","0.16","106,060,544.10","4,008,335.00","26.46","United States","New York Stock Exchange Inc.","USD","1.00","USD","-"
"AVNT","AVIENT CORP","EQUITY","Materials","Equity","105,971,165.57","0.16","105,971,165.57","2,644,651.00","40.07","United States","New York Stock Exchange Inc.","USD","1.00","USD","-"
"ADNT","ADIENT PLC","EQUITY","Consumer Discretionary","Equity","104,902,575.30","0.16","104,902,575.30","2,950,846.00","35.55","United States","New York Stock Exchange Inc.","USD","1.00","USD","-"
"OMCL","OMNICELL INC","EQUITY","Health Care","Equity","102,852,193.68","0.15","102,852,193.68","1,381,308.00","74.46","United States","NASDAQ","USD","1.00","USD","-"
"NWE","NORTHWESTERN CORP","EQUITY","Utilities","Equity","102,850,505.94","0.15","102,850,505.94","1,787,461.00","57.54","United States","NASDAQ","USD","1.00","USD","-"
"TNL","TRAVEL LEISURE","EQUITY","Consumer Discretionary","Equity","102,767,451.52","0.15","102,767,451.52","2,514,496.00","40.87","United States","New York Stock Exchange Inc.","USD","1.00","USD","-"
"BCO","BRINKS","EQUITY","Industrials","Equity","102,614,027.70","0.15","102,614,027.70","1,436,970.00","71.41","United States","New York Stock Exchange Inc.","USD","1.00","USD","-"
"BLKB","BLACKBAUD INC","EQUITY","Information Technology","Equity","101,718,339.96","0.15","101,718,339.96","1,379,793.00","73.72","United States","NASDAQ","USD","1.00","USD","-"
"EPR","EPR PROPERTIES REIT","EQUITY","Real Estate","Equity","101,537,231.25","0.15","101,537,231.25","2,320,851.00","43.75","United States","New York Stock Exchange Inc.","USD","1.00","USD","-"
"DOC","PHYSICIANS REALTY TRUST REIT","EQUITY","Real Estate","Equity","100,838,020.08","0.15","100,838,020.08","7,061,486.00","14.28","United States","New York Stock Exchange Inc.","USD","1.00","USD","-"
"ESAB","ESAB CORP","EQUITY","Industrials","Equity","100,649,044.05","0.15","100,649,044.05","1,598,365.00","62.97","United States","New York Stock Exchange Inc.","USD","1.00","USD","-"
"LOPE","GRAND CANYON EDUCATION INC","EQUITY","Consumer Discretionary","Equity","100,327,698.10","0.15","100,327,698.10","948,815.00","105.74","United States","NASDAQ","USD","1.00","USD","-"
"CHH","CHOICE HOTELS INTERNATIONAL INC","EQUITY","Consumer Discretionary","Equity","100,094,977.32","0.15","100,094,977.32","857,418.00","116.74","United States","New York Stock Exchange Inc.","USD","1.00","USD","-"
"SXT","SENSIENT TECHNOLOGIES CORP","EQUITY","Materials","Equity","99,916,646.70","0.15","99,916,646.70","1,300,490.00","76.83","United States","New York Stock Exchange Inc.","USD","1.00","USD","-"
"YETI","YETI HOLDINGS INC","EQUITY","Consumer Discretionary","Equity","99,789,221.40","0.15","99,789,221.40","2,668,161.00","37.40","United States","New York Stock Exchange Inc.","USD","1.00","USD","-"
"SYNA","SYNAPTICS INC","EQUITY","Information Technology","Equity","98,778,390.70","0.15","98,778,390.70","1,218,734.00","81.05","United States","NASDAQ","USD","1.00","USD","-"
"CABO","CABLE ONE INC","EQUITY","Communication","Equity","98,602,370.34","0.15","98,602,370.34","149,167.00","661.02","United States","New York Stock Exchange Inc.","USD","1.00","USD","-"
"CVLT","COMMVAULT SYSTEMS INC","EQUITY","Information Technology","Equity","98,588,368.40","0.15","98,588,368.40","1,378,280.00","71.53","United States","NASDAQ","USD","1.00","USD","-"
"PK","PARK HOTELS RESORTS INC","EQUITY","Real Estate","Equity","98,354,248.44","0.15","98,354,248.44","6,955,746.00","14.14","United States","New York Stock Exchange Inc.","USD","1.00","USD","-"
"CUZ","COUSINS PROPERTIES REIT INC","EQUITY","Real Estate","Equity","98,101,633.08","0.15","98,101,633.08","4,711,894.00","20.82","United States","New York Stock Exchange Inc.","USD","1.00","USD","-"
"SAM","BOSTON BEER INC CLASS A","EQUITY","Consumer Staples","Equity","97,615,636.25","0.15","97,615,636.25","291,625.00","334.73","United States","New York Stock Exchange Inc.","USD","1.00","USD","-"
"COKE","COCA COLA CONSOLIDATED INC","EQUITY","Consumer Staples","Equity","97,198,144.40","0.15","97,198,144.40","142,394.00","682.60","United States","NASDAQ","USD","1.00","USD","-"
"ZD","ZIFF DAVIS INC","EQUITY","Communication","Equity","96,589,696.56","0.14","96,589,696.56","1,459,941.00","66.16","United States","NASDAQ","USD","1.00","USD","-"
"FHI","FEDERATED HERMES INC CLASS B","EQUITY","Financials","Equity","96,396,861.76","0.14","96,396,861.76","2,615,216.00","36.86","United States","New York Stock Exchange Inc.","USD","1.00","USD","-"
"PGNY","PROGYNY INC","EQUITY","Health Care","Equity","96,311,701.72","0.14","96,311,701.72","2,327,494.00","41.38","United States","NASDAQ","USD","1.00","USD","-"
"CADE","CADENCE BANK","EQUITY","Financials","Equity","96,039,073.11","0.14","96,039,073.11","4,677,987.00","20.53","United States","New York Stock Exchange Inc.","USD","1.00","USD","-"
"NSA","NATIONAL STORAGE AFFILIATES TRUST","EQUITY","Real Estate","Equity","95,993,791.20","0.14","95,993,791.20","2,614,210.00","36.72","United States","New York Stock Exchange Inc.","USD","1.00","USD","-"
"AZTA","AZENTA INC","EQUITY","Health Care","Equity","95,601,611.04","0.14","95,601,611.04","2,137,782.00","44.72","United States","NASDAQ","USD","1.00","USD","-"
"MTSI","MACOM TECHNOLOGY SOLUTIONS INC","EQUITY","Information Technology","Equity","94,664,175.88","0.14","94,664,175.88","1,597,438.00","59.26","United States","NASDAQ","USD","1.00","USD","-"
"KRC","KILROY REALTY REIT CORP","EQUITY","Real Estate","Equity","94,082,734.20","0.14","94,082,734.20","3,259,970.00","28.86","United States","New York Stock Exchange Inc.","USD","1.00","USD","-"
"BHF","BRIGHTHOUSE FINANCIAL INC","EQUITY","Financials","Equity","93,276,120.96","0.14","93,276,120.96","2,112,231.00","44.16","United States","NASDAQ","USD","1.00","USD","-"
"AMED","AMEDISYS INC","EQUITY","Health Care","Equity","92,848,661.34","0.14","92,848,661.34","1,005,182.00","92.37","United States","NASDAQ","USD","1.00","USD","-"
"NARI","INARI MEDICAL INC","EQUITY","Health Care","Equity","91,839,561.76","0.14","91,839,561.76","1,493,812.00","61.48","United States","NASDAQ","USD","1.00","USD","-"
"IART","INTEGRA LIFESCIENCES HOLDINGS CORP","EQUITY","Health Care","Equity","91,419,693.47","0.14","91,419,693.47","2,247,841.00","40.67","United States","NASDAQ","USD","1.00","USD","-"
"CALX","CALIX NETWORKS INC","EQUITY","Information Technology","Equity","88,365,073.21","0.13","88,365,073.21","1,761,313.00","50.17","United States","New York Stock Exchange Inc.","USD","1.00","USD","-"
"UMBF","UMB FINANCIAL CORP","EQUITY","Financials","Equity","88,076,529.12","0.13","88,076,529.12","1,345,296.00","65.47","United States","NASDAQ","USD","1.00","USD","-"
"KMPR","KEMPER CORP","EQUITY","Financials","Equity","87,714,973.06","0.13","87,714,973.06","1,978,682.00","44.33","United States","New York Stock Exchange Inc.","USD","1.00","USD","-"
"COLM","COLUMBIA SPORTSWEAR","EQUITY","Consumer Discretionary","Equity","85,367,448.18","0.13","85,367,448.18","1,095,297.00","77.94","United States","NASDAQ","USD","1.00","USD","-"
"CNX","CNX RESOURCES CORP","EQUITY","Energy","Equity","85,208,585.22","0.13","85,208,585.22","5,263,038.00","16.19","United States","New York Stock Exchange Inc.","USD","1.00","USD","-"
"HTZ","HERTZ GLOBAL HLDGS INC","EQUITY","Industrials","Equity","83,482,095.42","0.13","83,482,095.42","4,986,983.00","16.74","United States","NASDAQ","USD","1.00","USD","-"
"SBRA","SABRA HEALTH CARE REIT INC","EQUITY","Real Estate","Equity","83,459,463.36","0.12","83,459,463.36","7,145,502.00","11.68","United States","NASDAQ","USD","1.00","USD","-"
"NEU","NEWMARKET CORP","EQUITY","Materials","Equity","83,424,367.86","0.12","83,424,367.86","207,106.00","402.81","United States","New York Stock Exchange Inc.","USD","1.00","USD","-"
"SMG","SCOTTS MIRACLE GRO","EQUITY","Materials","Equity","82,934,924.62","0.12","82,934,924.62","1,263,674.00","65.63","United States","New York Stock Exchange Inc.","USD","1.00","USD","-"
"MODG","TOPGOLF CALLAWAY BRANDS CORP","EQUITY","Consumer Discretionary","Equity","82,774,110.20","0.12","82,774,110.20","4,288,814.00","19.30","United States","New York Stock Exchange Inc.","USD","1.00","USD","-"
"CNO","CNO FINANCIAL GROUP INC","EQUITY","Financials","Equity","82,348,972.56","0.12","82,348,972.56","3,537,327.00","23.28","United States","New York Stock Exchange Inc.","USD","1.00","USD","-"
"ACIW","ACI WORLDWIDE INC","EQUITY","Information Technology","Equity","82,251,434.72","0.12","82,251,434.72","3,476,392.00","23.66","United States","NASDAQ","USD","1.00","USD","-"
"OFC","CORPORATE OFFICE PROPERTIES TRUST","EQUITY","Real Estate","Equity","82,044,085.62","0.12","82,044,085.62","3,477,918.00","23.59","United States","New York Stock Exchange Inc.","USD","1.00","USD","-"
"STAA","STAAR SURGICAL","EQUITY","Health Care","Equity","81,708,710.53","0.12","81,708,710.53","1,491,307.00","54.79","United States","NASDAQ","USD","1.00","USD","-"
"ENOV","ENOVIS CORP","EQUITY","Health Care","Equity","81,709,473.86","0.12","81,709,473.86","1,474,102.00","55.43","United States","New York Stock Exchange Inc.","USD","1.00","USD","-"
"CXT","CRANE NXT","EQUITY","Industrials","Equity","81,627,667.95","0.12","81,627,667.95","1,476,355.00","55.29","United States","New York Stock Exchange Inc.","USD","1.00","USD","-"
"AMKR","AMKOR TECHNOLOGY INC","EQUITY","Information Technology","Equity","80,103,590.22","0.12","80,103,590.22","3,107,199.00","25.78","United States","NASDAQ","USD","1.00","USD","-"
"WERN","WERNER ENTERPRISES INC","EQUITY","Industrials","Equity","80,016,226.36","0.12","80,016,226.36","1,818,964.00","43.99","United States","NASDAQ","USD","1.00","USD","-"
"KD","KYNDRYL HOLDINGS INC","EQUITY","Information Technology","Equity","79,494,875.15","0.12","79,494,875.15","6,334,253.00","12.55","United States","New York Stock Exchange Inc.","USD","1.00","USD","-"
"ALGM","ALLEGRO MICROSYSTEMS INC","EQUITY","Information Technology","Equity","79,384,863.53","0.12","79,384,863.53","2,014,333.00","39.41","United States","NASDAQ","USD","1.00","USD","-"
"GO","GROCERY OUTLET HOLDING CORP","EQUITY","Consumer Staples","Equity","78,679,403.40","0.12","78,679,403.40","2,738,580.00","28.73","United States","NASDAQ","USD","1.00","USD","-"
"LIVN","LIVANOVA PLC","EQUITY","Health Care","Equity","77,905,342.95","0.12","77,905,342.95","1,655,799.00","47.05","United States","NASDAQ","USD","1.00","USD","-"
"TCBI","TEXAS CAPITAL BANCSHARES INC","EQUITY","Financials","Equity","77,717,967.46","0.12","77,717,967.46","1,491,994.00","52.09","United States","NASDAQ","USD","1.00","USD","-"
"CRI","CARTERS INC","EQUITY","Consumer Discretionary","Equity","77,388,133.35","0.12","77,388,133.35","1,180,597.00","65.55","United States","New York Stock Exchange Inc.","USD","1.00","USD","-"
"ASB","ASSOCIATED BANCORP","EQUITY","Financials","Equity","76,842,912.16","0.12","76,842,912.16","4,651,508.00","16.52","United States","New York Stock Exchange Inc.","USD","1.00","USD","-"
"IBOC","INTERNATIONAL BANCSHARES CORP","EQUITY","Financials","Equity","76,733,608.50","0.11","76,733,608.50","1,633,325.00","46.98","United States","NASDAQ","USD","1.00","USD","-"
"MRCY","MERCURY SYSTEMS INC","EQUITY","Industrials","Equity","75,446,657.01","0.11","75,446,657.01","1,797,633.00","41.97","United States","NASDAQ","USD","1.00","USD","-"
"CATY","CATHAY GENERAL BANCORP","EQUITY","Financials","Equity","74,981,162.20","0.11","74,981,162.20","2,250,335.00","33.32","United States","NASDAQ","USD","1.00","USD","-"
"KSS","KOHLS CORP","EQUITY","Consumer Discretionary","Equity","74,954,985.60","0.11","74,954,985.60","3,417,920.00","21.93","United States","New York Stock Exchange Inc.","USD","1.00","USD","-"
"ENV","ENVESTNET INC","EQUITY","Information Technology","Equity","74,633,187.08","0.11","74,633,187.08","1,406,051.00","53.08","United States","New York Stock Exchange Inc.","USD","1.00","USD","-"
"VNO","VORNADO REALTY TRUST REIT","EQUITY","Real Estate","Equity","74,220,768.45","0.11","74,220,768.45","4,984,605.00","14.89","United States","New York Stock Exchange Inc.","USD","1.00","USD","-"
"JBLU","JETBLUE AIRWAYS CORP","EQUITY","Industrials","Equity","74,144,107.60","0.11","74,144,107.60","10,019,474.00","7.40","United States","NASDAQ","USD","1.00","USD","-"
"HELE","HELEN OF TROY LTD","EQUITY","Consumer Discretionary","Equity","73,280,861.55","0.11","73,280,861.55","742,235.00","98.73","United States","NASDAQ","USD","1.00","USD","-"
"PDCO","PATTERSON COMPANIES INC","EQUITY","Health Care","Equity","72,613,509.54","0.11","72,613,509.54","2,672,562.00","27.17","United States","NASDAQ","USD","1.00","USD","-"
"MAC","MACERICH REIT","EQUITY","Real Estate","Equity","72,051,199.41","0.11","72,051,199.41","6,652,927.00","10.83","United States","New York Stock Exchange Inc.","USD","1.00","USD","-"
"RCM","R1 RCM INC","EQUITY","Health Care","Equity","71,860,270.30","0.11","71,860,270.30","4,252,087.00","16.90","United States","NASDAQ","USD","1.00","USD","-"
"PZZA","PAPA JOHNS INTERNATIONAL INC","EQUITY","Consumer Discretionary","Equity","70,891,809.12","0.11","70,891,809.12","994,554.00","71.28","United States","NASDAQ","USD","1.00","USD","-"
"HIW","HIGHWOODS PROPERTIES REIT INC","EQUITY","Real Estate","Equity","70,759,308.52","0.11","70,759,308.52","3,254,798.00","21.74","United States","New York Stock Exchange Inc.","USD","1.00","USD","-"
"GHC","GRAHAM HOLDINGS COMPANY CLASS B","EQUITY","Consumer Discretionary","Equity","69,088,096.35","0.10","69,088,096.35","118,755.00","581.77","United States","New York Stock Exchange Inc.","USD","1.00","USD","-"
"ENR","ENERGIZER HOLDINGS INC","EQUITY","Consumer Staples","Equity","67,875,989.40","0.10","67,875,989.40","2,054,980.00","33.03","United States","New York Stock Exchange Inc.","USD","1.00","USD","-"
"FULT","FULTON FINANCIAL CORP","EQUITY","Financials","Equity","65,743,796.56","0.10","65,743,796.56","5,184,842.00","12.68","United States","NASDAQ","USD","1.00","USD","-"
"DEI","DOUGLAS EMMETT REIT INC","EQUITY","Real Estate","Equity","65,639,086.07","0.10","65,639,086.07","5,438,201.00","12.07","United States","New York Stock Exchange Inc.","USD","1.00","USD","-"
"MP","MP MATERIALS CORP CLASS A","EQUITY","Materials","Equity","65,376,151.89","0.10","65,376,151.89","2,856,101.00","22.89","United States","New York Stock Exchange Inc.","USD","1.00","USD","-"
"JWN","NORDSTROM INC","EQUITY","Consumer Discretionary","Equity","64,167,302.79","0.10","64,167,302.79","3,466,629.00","18.51","United States","New York Stock Exchange Inc.","USD","1.00","USD","-"
"FL","FOOT LOCKER INC","EQUITY","Consumer Discretionary","Equity","61,789,579.70","0.09","61,789,579.70","2,453,915.00","25.18","United States","New York Stock Exchange Inc.","USD","1.00","USD","-"
"GPS","GAP INC","EQUITY","Consumer Discretionary","Equity","59,408,871.87","0.09","59,408,871.87","6,550,041.00","9.07","United States","New York Stock Exchange Inc.","USD","1.00","USD","-"
"KNF","KNIFE RIVER CORP","EQUITY","Materials","Equity","58,079,800.45","0.09","58,079,800.45","1,574,405.00","36.89","United States","New York Stock Exchange Inc.","USD","1.00","USD","-"
"NGVT","INGEVITY CORP","EQUITY","Materials","Equity","58,043,477.73","0.09","58,043,477.73","1,086,753.00","53.41","United States","New York Stock Exchange Inc.","USD","1.00","USD","-"
"WOR","WORTHINGTON INDUSTRIES INC","EQUITY","Materials","Equity","57,024,545.82","0.09","57,024,545.82","938,058.00","60.79","United States","New York Stock Exchange Inc.","USD","1.00","USD","-"
"DAN","DANA INCORPORATED INC","EQUITY","Consumer Discretionary","Equity","55,414,897.20","0.08","55,414,897.20","3,946,930.00","14.04","United States","New York Stock Exchange Inc.","USD","1.00","USD","-"
"TRIP","TRIPADVISOR INC","EQUITY","Communication","Equity","53,648,910.30","0.08","53,648,910.30","3,241,626.00","16.55","United States","NASDAQ","USD","1.00","USD","-"
"NAVI","NAVIENT CORP","EQUITY","Financials","Equity","53,564,994.27","0.08","53,564,994.27","3,137,961.00","17.07","United States","NASDAQ","USD","1.00","USD","-"
"SITM","SITIME CORP","EQUITY","Information Technology","Equity","52,727,792.00","0.08","52,727,792.00","497,432.00","106.00","United States","NASDAQ","USD","1.00","USD","-"
"WLY","JOHN WILEY AND SONS INC CLASS A","EQUITY","Communication","Equity","51,359,782.10","0.08","51,359,782.10","1,324,730.00","38.77","United States","New York Stock Exchange Inc.","USD","1.00","USD","-"
"XRX","XEROX HOLDINGS CORP","EQUITY","Information Technology","Equity","50,520,695.68","0.08","50,520,695.68","3,469,828.00","14.56","United States","NASDAQ","USD","1.00","USD","-"
"GEF","GREIF INC CLASS A","EQUITY","Materials","Equity","49,372,376.20","0.07","49,372,376.20","792,494.00","62.30","United States","New York Stock Exchange Inc.","USD","1.00","USD","-"
"VSCO","VICTORIA S SECRET","EQUITY","Consumer Discretionary","Equity","47,558,901.36","0.07","47,558,901.36","2,500,468.00","19.02","United States","New York Stock Exchange Inc.","USD","1.00","USD","-"
"SHC","SOTERA HEALTH COMPANY","EQUITY","Health Care","Equity","45,745,281.09","0.07","45,745,281.09","3,055,797.00","14.97","United States","NASDAQ","USD","1.00","USD","-"
"UAA","UNDER ARMOUR INC CLASS A","EQUITY","Consumer Discretionary","Equity","45,242,864.75","0.07","45,242,864.75","5,837,789.00","7.75","United States","New York Stock Exchange Inc.","USD","1.00","USD","-"
"UA","UNDER ARMOUR INC CLASS C","EQUITY","Consumer Discretionary","Equity","41,673,819.20","0.06","41,673,819.20","5,869,552.00","7.10","United States","New York Stock Exchange Inc.","USD","1.00","USD","-"
"VICR","VICOR CORP","EQUITY","Industrials","Equity","38,459,047.77","0.06","38,459,047.77","689,601.00","55.77","United States","NASDAQ","USD","1.00","USD","-"
"PPC","PILGRIMS PRIDE CORP","EQUITY","Consumer Staples","Equity","31,713,454.20","0.05","31,713,454.20","1,388,505.00","22.84","United States","NASDAQ","USD","1.00","USD","-"
"WU","WESTERN UNION","SWAP","Financials","Equity","30,927,204.49","0.05","30,927,204.49","2,614,303.00","11.83","United States","New York Stock Exchange Inc.","USD","1.00","USD","-"
"SPWR","SUNPOWER CORP","EQUITY","Industrials","Equity","29,297,719.44","0.04","29,297,719.44","2,634,687.00","11.12","United States","NASDAQ","USD","1.00","USD","-"
"CADE","CADENCE BANK","SWAP","Financials","Equity","20,903,481.76","0.03","20,903,481.76","1,018,192.00","20.53","United States","New York Stock Exchange Inc.","USD","1.00","USD","-"
"ENV","ENVESTNET INC","SWAP","Information Technology","Equity","17,058,691.16","0.03","17,058,691.16","321,377.00","53.08","United States","New York Stock Exchange Inc.","USD","1.00","USD","-"
"JPMSW","CASH COLLATERAL USD JPMSW","COLLATERAL","Cash and/or Derivatives","Cash Collateral and Margins","1,801,270.00","0.00","1,801,270.00","1,800,000.00","100.00","United States","-","USD","1.00","USD","May 01, 2002"
"UBSI","UNITED BANKSHARES INC","SWAP","Financials","Equity","1,325,572.75","0.00","1,325,572.75","40,525.00","32.71","United States","NASDAQ","USD","1.00","USD","-"
